id;nome;email;data_nascimento
1;cute trustworthy whoever;Shannon_Bartoletti98@gmail.com;2025-03-17
2;emphasise inasmuch instead;Wade.Schamberger-Okuneva65@gmail.com;2025-03-17
3;boss worriedly;Isaac_Renner46@hotmail.com;2025-03-17
4;far;Tristin4@gmail.com;2025-03-16
5;impartial ambitious;Domingo9@hotmail.com;2025-03-17
6;plain;Hugh.Larson@hotmail.com;2025-03-17
7;that daintily;Coleman64@hotmail.com;2025-03-16
8;instead helplessly hmph;Judson41@yahoo.com;2025-03-16
9;while conservation;Jan_Douglas@hotmail.com;2025-03-16
10;where innovation draft;Anais_Jaskolski15@hotmail.com;2025-03-17
